ip,details
"203.121.165.16","C&C"
"46.4.123.15","Malicious Host"
"61.67.129.145","C&C"
"222.124.202.178","C&C"
"62.209.195.186","C&C"
"111.118.163.80","C&C"
"37.48.85.16","Scanning Host"
"37.48.85.17","Scanning Host"
"210.253.108.243","C&C"
"208.52.140.212","Scanning Host"
"211.255.163.128","Scanning Host"
"199.189.85.226","Scanning Host"
"199.189.85.227","Scanning Host"
"199.189.85.228","Scanning Host"
"185.71.66.21","Scanning Host"
"218.6.132.45","Scanning Host;Malicious Host"
"69.168.184.210","Scanning Host;Malicious Host"
"222.186.31.190","Scanning Host"
"222.186.31.191","Scanning Host"
"222.66.55.127","Scanning Host"
"222.66.55.128","Scanning Host"
"78.180.111.21","Scanning Host"
"78.186.43.238","Scanning Host"
"78.186.43.239","Scanning Host"
"46.29.248.1","Scanning Host"
"46.29.248.2","Scanning Host"
"46.29.248.3","Scanning Host"
"46.29.248.4","Scanning Host"
"46.29.248.5","Scanning Host"
"46.29.248.6","Scanning Host"
"46.29.248.7","Scanning Host"
"46.29.248.8","Scanning Host"
"46.29.248.9","Scanning Host"
"46.29.248.10","Scanning Host"
"46.29.248.11","Scanning Host"
"46.29.248.12","Scanning Host"
"46.29.248.13","Scanning Host"
"46.29.248.14","Scanning Host"
"46.29.248.15","Scanning Host"
"46.29.248.16","Scanning Host"
"46.29.248.17","Scanning Host"
"46.29.248.18","Scanning Host"
"46.29.248.19","Scanning Host"
"46.29.248.20","Scanning Host"
"46.29.248.21","Scanning Host"
"46.29.248.22","Scanning Host"
"46.29.248.23","Scanning Host"
"46.29.248.24","Scanning Host"
"46.29.248.25","Scanning Host"
"46.29.248.26","Scanning Host"
"46.29.248.27","Scanning Host"
"46.29.248.28","Scanning Host"
"46.29.248.29","Scanning Host"
"46.29.248.30","Scanning Host"
"46.29.248.31","Scanning Host"
"46.29.248.32","Scanning Host"
"46.29.248.33","Scanning Host"
"46.29.248.34","Scanning Host"
"46.29.248.35","Scanning Host"
"46.29.248.36","Scanning Host"
"46.29.248.37","Scanning Host"
"46.29.248.38","Scanning Host"
"46.29.248.39","Scanning Host"
"46.29.248.40","Scanning Host"
"46.29.248.41","Scanning Host"
"46.29.248.42","Scanning Host"
"46.29.248.43","Scanning Host"
"46.29.248.44","Scanning Host"
"46.29.248.45","Scanning Host"
"46.29.248.46","Scanning Host"
"46.29.248.47","Scanning Host"
"46.29.248.48","Scanning Host"
"46.29.248.49","Scanning Host"
"46.29.248.50","Scanning Host"
"46.29.248.51","Scanning Host"
"46.29.248.52","Scanning Host"
"46.29.248.53","Scanning Host"
"46.29.248.54","Scanning Host"
"46.29.248.55","Scanning Host"
"46.29.248.56","Scanning Host"
"38.86.44.105","Scanning Host"
"61.147.103.29","Scanning Host"
"78.184.87.208","Scanning Host"
"78.187.52.173","Scanning Host"
"78.187.52.174","Scanning Host"
"78.187.52.175","Scanning Host"
"78.187.52.176","Scanning Host"
"1.34.23.127","Scanning Host"
"198.58.83.57","C&C"
"217.119.54.222","C&C"
"61.147.103.162","Scanning Host;Malicious Host"
"199.231.186.170","C&C"
"41.224.253.236","Scanning Host"
"121.40.187.101","Scanning Host"
"222.161.4.147","Scanning Host;Malicious Host"
"194.28.173.2","C&C"
"120.27.45.57","Scanning Host"
"195.238.181.159","Scanning Host"
"198.27.89.46","Scanning Host"
"71.6.216.191","Scanning Host"
"222.186.31.135","Scanning Host"
"222.186.31.136","Scanning Host"
"222.186.56.83","Scanning Host"
"222.186.56.85","Scanning Host"
"146.185.239.190","Scanning Host"
"146.185.239.189","Scanning Host"
"146.185.239.192","Scanning Host"
"146.185.239.191","Scanning Host"
"222.186.160.210","Scanning Host"
"176.100.77.237","Scanning Host"
"109.135.2.126","Scanning Host"
"185.93.0.194","Scanning Host"
"185.93.0.195","Scanning Host"
"46.29.248.0","Scanning Host"
"38.86.44.109","Scanning Host"
"78.184.87.200","Scanning Host"
"199.189.85.211","Scanning Host"
"199.189.85.212","Scanning Host"
"78.160.83.151","Scanning Host"
"78.160.83.152","Scanning Host"
"78.160.83.153","Scanning Host"
"78.160.83.154","Scanning Host"
"78.160.83.155","Scanning Host"
"78.160.83.156","Scanning Host"
"78.160.83.157","Scanning Host"
"78.160.83.158","Scanning Host"
"78.160.83.159","Scanning Host"
"78.160.83.160","Scanning Host"
"78.160.83.166","Scanning Host"
"78.160.83.167","Scanning Host"
"78.160.83.168","Scanning Host"
"78.160.83.169","Scanning Host"
"78.160.83.170","Scanning Host"
"78.160.83.171","Scanning Host"
"78.160.83.172","Scanning Host"
"78.160.83.173","Scanning Host"
"78.160.83.174","Scanning Host"
"78.160.83.175","Scanning Host"
"199.217.113.204","Scanning Host"
"199.217.113.205","Scanning Host"
"199.217.113.206","Scanning Host"
"78.92.163.211","Scanning Host"
"78.92.163.212","Scanning Host"
"78.92.163.213","Scanning Host"
"78.92.163.214","Scanning Host"
"78.92.163.215","Scanning Host"
"78.92.163.216","Scanning Host"
"78.92.163.217","Scanning Host"
"78.92.163.218","Scanning Host"
"78.92.163.219","Scanning Host"
"78.92.163.220","Scanning Host"
"78.92.163.221","Scanning Host"
"78.92.163.222","Scanning Host"
"78.92.163.223","Scanning Host"
"78.92.163.224","Scanning Host"
"78.92.163.225","Scanning Host"
"78.92.163.226","Scanning Host"
"78.92.163.232","Scanning Host"
"78.92.163.233","Scanning Host"
"78.92.163.234","Scanning Host"
"78.92.163.235","Scanning Host"
"78.92.163.236","Scanning Host"
"78.92.163.237","Scanning Host"
"78.92.163.238","Scanning Host"
"78.92.163.239","Scanning Host"
"78.186.133.149","Scanning Host"
"78.186.133.150","Scanning Host"
"78.186.133.151","Scanning Host"
"78.186.133.152","Scanning Host"
"222.60.95.81","Scanning Host"
"222.186.50.26","Scanning Host"
"222.186.50.27","Scanning Host"
"222.186.50.28","Scanning Host"
"222.186.50.29","Scanning Host"
"222.186.50.30","Scanning Host"
"222.186.50.31","Scanning Host"
"222.186.50.32","Scanning Host"
"222.186.50.33","Scanning Host"
"222.186.50.34","Scanning Host"
"222.186.50.36","Scanning Host"
"222.186.50.37","Scanning Host"
"222.186.50.38","Scanning Host"
"222.186.50.39","Scanning Host"
"222.186.50.40","Scanning Host"
"222.186.50.41","Scanning Host"
"222.186.50.42","Scanning Host"
"222.186.50.43","Scanning Host"
"222.186.50.44","Scanning Host"
"222.186.50.45","Scanning Host"
"222.186.50.46","Scanning Host"
"222.186.50.48","Scanning Host"
"222.186.50.49","Scanning Host"
"222.186.50.50","Scanning Host"
"222.186.50.51","Scanning Host"
"88.222.28.233","Scanning Host"
"88.222.28.252","Scanning Host"
"78.187.18.5","Scanning Host"
"46.180.7.231","C&C;Malware Domain"
"58.177.86.10","Scanning Host"
"199.246.2.105","C&C;Malware IP"
"104.28.27.123","C&C"
"203.158.166.19","Scanning Host"
"71.6.165.51","Scanning Host"
"87.106.142.246","Scanning Host;Malicious Host"
"111.74.238.15","Scanning Host"
"125.206.248.58","Scanning Host"
"192.151.147.210","Scanning Host"
"109.63.72.103","Scanning Host"
"119.147.137.94","Malicious Host;Scanning Host"
"110.78.174.218","Scanning Host"
"110.77.153.176","Scanning Host"
"187.208.89.206","Scanning Host"
"95.173.166.236","Scanning Host"
"123.159.204.164","Scanning Host"
"121.202.49.210","Scanning Host"
"80.14.122.19","Scanning Host"
"109.161.163.156","Scanning Host"
"210.209.144.177","Scanning Host"
"109.235.50.139","Malicious Host;Scanning Host"
"94.92.86.57","Scanning Host"
"109.235.50.190","Scanning Host"
"80.56.95.211","Malicious Host;Scanning Host"
"192.158.15.118","Scanning Host"
"142.4.38.61","Scanning Host"
"173.201.191.73","Malicious Host;Scanning Host"
"189.51.118.242","Scanning Host"
"79.168.81.100","Scanning Host;Malicious Host"
"103.228.182.138","Scanning Host;Malicious Host"
"24.103.180.85","Scanning Host"
"118.103.16.42","Scanning Host"
"185.35.62.231","Scanning Host"
"222.186.21.77","Scanning Host"
"91.224.132.30","Scanning Host"
"91.224.132.31","Scanning Host"
"91.224.132.32","Scanning Host"
"91.224.132.35","Scanning Host"
"91.224.132.42","Scanning Host"
"91.224.132.43","Scanning Host"
"91.224.132.44","Scanning Host"
"91.224.132.45","Scanning Host"
"91.224.132.109","Scanning Host"
"91.224.132.110","Scanning Host"
"222.186.21.0","Scanning Host"
"222.186.21.3","Scanning Host"
"222.186.15.21","Scanning Host"
"71.6.135.140","Scanning Host"
"58.218.205.68","Scanning Host;Malicious Host"
"78.189.137.195","Scanning Host"
"185.94.111.4","Scanning Host"
"185.94.111.5","Scanning Host"
"124.232.142.91","Scanning Host"
"185.81.157.122","Malicious Host"
"221.235.189.116","Scanning Host"
"221.235.189.121","Scanning Host"
"221.235.189.122","Scanning Host"
"221.235.189.123","Scanning Host"
"221.235.189.124","Scanning Host"
"221.235.189.125","Scanning Host"
"221.235.189.126","Scanning Host"
"221.235.189.127","Scanning Host"
"221.235.189.128","Scanning Host"
"221.235.189.129","Scanning Host"
"221.235.189.130","Scanning Host"
"221.235.189.131","Scanning Host"
"221.235.189.132","Scanning Host"
"221.235.189.133","Scanning Host"
"221.235.189.134","Scanning Host"
"221.235.189.135","Scanning Host"
"221.235.189.136","Scanning Host"
"221.235.189.137","Scanning Host"
"221.235.189.138","Scanning Host"
"221.235.189.139","Scanning Host"
"221.235.189.140","Scanning Host"
"221.235.189.141","Scanning Host"
"221.235.189.147","Scanning Host"
"221.235.189.148","Scanning Host"
"221.235.189.149","Scanning Host"
"221.235.189.150","Scanning Host"
"221.235.189.151","Scanning Host"
"221.235.189.152","Scanning Host"
"221.235.189.153","Scanning Host"
"221.235.189.154","Scanning Host"
"221.235.189.155","Scanning Host"
"221.235.189.156","Scanning Host"
"221.235.189.157","Scanning Host"
"221.235.189.158","Scanning Host"
"221.235.189.159","Scanning Host"
"221.235.189.160","Scanning Host"
"221.235.189.161","Scanning Host"
"221.235.189.162","Scanning Host"
"221.235.189.163","Scanning Host"
"221.235.189.164","Scanning Host"
"218.87.111.93","Scanning Host"
"218.87.111.94","Scanning Host"
"218.87.111.95","Scanning Host"
"218.87.111.96","Scanning Host"
"218.87.111.97","Scanning Host"
"218.87.111.98","Scanning Host"
"218.87.111.99","Scanning Host"
"218.87.111.100","Scanning Host"
"218.87.111.101","Scanning Host"
"218.87.111.102","Scanning Host"
"218.87.111.103","Scanning Host"
"218.87.111.104","Scanning Host"
"218.87.111.171","Scanning Host"
"218.87.111.172","Scanning Host"
"218.87.111.173","Scanning Host"
"218.87.111.174","Scanning Host"
"218.87.111.175","Scanning Host"
"218.87.111.176","Scanning Host"
"218.87.111.177","Scanning Host"
"188.255.241.22","Malicious Host"
"217.115.145.66","Malicious Host"
"208.54.80.135","Malicious Host"
"163.24.71.141","Scanning Host"
"5.104.175.183","Scanning Host"
"5.104.175.182","Scanning Host"
"192.99.147.195","Scanning Host"
"5.104.175.234","Scanning Host"
"5.104.175.233","Scanning Host"
"78.171.167.116","Scanning Host"
"78.171.167.117","Scanning Host"
"78.171.167.110","Scanning Host"
"78.171.167.111","Scanning Host"
"121.55.121.144","Scanning Host"
"121.55.121.143","Scanning Host"
"121.55.121.142","Scanning Host"
"121.55.121.141","Scanning Host"
"121.55.121.140","Scanning Host"
"121.55.121.139","Scanning Host"
"121.55.121.138","Scanning Host"
"5.104.175.220","Scanning Host"
"5.104.175.219","Scanning Host"
"5.104.175.224","Scanning Host"
"5.104.175.223","Scanning Host"
"5.104.175.226","Scanning Host"
"5.104.175.225","Scanning Host"
"5.104.175.228","Scanning Host"
"5.104.175.227","Scanning Host"
"5.104.175.230","Scanning Host"
"5.104.175.229","Scanning Host"
"121.55.121.137","Scanning Host"
"121.55.121.136","Scanning Host"
"121.55.121.135","Scanning Host"
"121.55.121.134","Scanning Host"
"121.55.121.133","Scanning Host"
"121.55.121.132","Scanning Host"
"121.55.121.131","Scanning Host"
"121.55.121.130","Scanning Host"
"121.55.121.129","Scanning Host"
"121.55.121.128","Scanning Host"
"121.55.121.127","Scanning Host"
"121.55.121.126","Scanning Host"
"121.55.121.125","Scanning Host"
"5.104.175.232","Scanning Host"
"5.104.175.231","Scanning Host"
"121.55.121.124","Scanning Host"
"121.55.121.123","Scanning Host"
"121.55.121.122","Scanning Host"
"192.99.147.207","Scanning Host"
"121.55.121.121","Scanning Host"
"121.55.121.120","Scanning Host"
"121.55.121.119","Scanning Host"
"121.55.121.118","Scanning Host"
"121.55.121.117","Scanning Host"
"121.55.121.116","Scanning Host"
"121.55.121.115","Scanning Host"
"121.55.121.114","Scanning Host"
"121.55.121.113","Scanning Host"
"121.55.121.112","Scanning Host"
"121.55.121.111","Scanning Host"
"121.55.121.110","Scanning Host"
"121.55.121.109","Scanning Host"
"121.55.121.108","Scanning Host"
"121.55.121.107","Scanning Host"
"121.55.121.106","Scanning Host"
"121.55.121.105","Scanning Host"
"121.55.121.104","Scanning Host"
"121.55.121.103","Scanning Host"
"121.55.121.102","Scanning Host"
"121.55.121.101","Scanning Host"
"121.55.121.100","Scanning Host"
"192.99.147.192","Scanning Host"
"192.99.147.156","Scanning Host"
"192.99.147.250","Scanning Host"
"192.99.147.251","Scanning Host"
"192.99.147.248","Scanning Host"
"192.99.147.249","Scanning Host"
"192.99.147.246","Scanning Host"
"192.99.147.247","Scanning Host"
"192.99.147.244","Scanning Host"
"192.99.147.245","Scanning Host"
"5.104.175.240","Scanning Host"
"5.104.175.239","Scanning Host"
"192.99.147.254","Scanning Host"
"192.99.147.255","Scanning Host"
"192.99.147.252","Scanning Host"
"192.99.147.253","Scanning Host"
"192.99.147.203","Scanning Host"
"192.99.147.220","Scanning Host"
"192.99.147.221","Scanning Host"
"192.99.147.218","Scanning Host"
"192.99.147.219","Scanning Host"
"192.99.147.216","Scanning Host"
"192.99.147.217","Scanning Host"
"5.104.175.156","Scanning Host"
"5.104.175.155","Scanning Host"
"5.104.175.154","Scanning Host"
"192.99.147.101","Scanning Host"
"192.99.147.100","Scanning Host"
"192.99.147.103","Scanning Host"
"192.99.147.102","Scanning Host"
"192.99.147.105","Scanning Host"
"192.99.147.104","Scanning Host"
"192.99.147.107","Scanning Host"
"192.99.147.106","Scanning Host"
"192.99.147.109","Scanning Host"
"192.99.147.108","Scanning Host"
"192.99.147.111","Scanning Host"
"192.99.147.110","Scanning Host"
"192.99.147.113","Scanning Host"
"192.99.147.112","Scanning Host"
"192.99.147.115","Scanning Host"
"192.99.147.114","Scanning Host"
"192.99.147.117","Scanning Host"
"192.99.147.116","Scanning Host"
"192.99.147.119","Scanning Host"
"192.99.147.118","Scanning Host"
"192.99.147.121","Scanning Host"
"192.99.147.120","Scanning Host"
"192.99.147.123","Scanning Host"
"192.99.147.122","Scanning Host"
"78.171.167.114","Scanning Host"
"78.171.167.115","Scanning Host"
"78.171.167.112","Scanning Host"
"78.171.167.113","Scanning Host"
"192.99.147.215","Scanning Host"
"78.187.237.208","Scanning Host"
"78.187.237.207","Scanning Host"
"78.187.237.206","Scanning Host"
"78.187.237.205","Scanning Host"
"78.187.237.204","Scanning Host"
"78.187.237.203","Scanning Host"
"78.187.237.202","Scanning Host"
"78.187.237.201","Scanning Host"
"78.187.237.200","Scanning Host"
"78.187.237.199","Scanning Host"
"78.187.237.198","Scanning Host"
"78.187.237.197","Scanning Host"
"78.187.237.196","Scanning Host"
"78.187.237.195","Scanning Host"
"78.187.237.194","Scanning Host"
"78.187.237.193","Scanning Host"
"78.187.237.192","Scanning Host"
"78.187.237.191","Scanning Host"
"78.187.237.190","Scanning Host"
"78.187.237.189","Scanning Host"
"78.187.237.188","Scanning Host"
"78.187.237.187","Scanning Host"
"78.187.237.186","Scanning Host"
"201.212.10.34","Scanning Host"
"201.212.10.35","Scanning Host"
"201.212.10.36","Scanning Host"
"201.212.10.37","Scanning Host"
"201.212.10.38","Scanning Host"
"201.212.10.39","Scanning Host"
"201.212.10.40","Scanning Host"
"201.212.10.41","Scanning Host"
"201.212.10.42","Scanning Host"
"201.212.10.43","Scanning Host"
"201.212.10.44","Scanning Host"
"201.212.10.45","Scanning Host"
"201.212.10.46","Scanning Host"
"201.212.10.47","Scanning Host"
"201.212.10.48","Scanning Host"
"201.212.10.49","Scanning Host"
"201.212.10.50","Scanning Host"
"201.212.10.51","Scanning Host"
"201.212.10.52","Scanning Host"
"201.212.10.53","Scanning Host"
"201.212.10.54","Scanning Host"
"201.212.10.55","Scanning Host"
"201.212.10.56","Scanning Host"
"201.212.10.57","Scanning Host"
"201.212.10.58","Scanning Host"
"201.212.10.59","Scanning Host"
"201.212.10.60","Scanning Host"
"201.212.10.61","Scanning Host"
"201.212.10.62","Scanning Host"
"201.212.10.63","Scanning Host"
"201.212.10.64","Scanning Host"
"201.212.10.65","Scanning Host"
"201.212.10.66","Scanning Host"
"201.212.10.67","Scanning Host"
"201.212.10.68","Scanning Host"
"201.212.10.69","Scanning Host"
"201.212.10.70","Scanning Host"
"201.212.10.71","Scanning Host"
"201.212.10.72","Scanning Host"
"194.63.142.3","Scanning Host"
"194.63.142.4","Scanning Host"
"194.63.142.5","Scanning Host"
"194.63.142.6","Scanning Host"
"194.63.142.7","Scanning Host"
"194.63.142.8","Scanning Host"
"194.63.142.9","Scanning Host"
"194.63.142.10","Scanning Host"
"194.63.142.11","Scanning Host"
"194.63.142.12","Scanning Host"
"194.63.142.13","Scanning Host"
"194.63.142.14","Scanning Host"
"194.63.142.15","Scanning Host"
"194.63.142.16","Scanning Host"
"194.63.142.17","Scanning Host"
"194.63.142.18","Scanning Host"
"194.63.142.19","Scanning Host"
"194.63.142.20","Scanning Host"
"194.63.142.21","Scanning Host"
"194.63.142.22","Scanning Host"
"194.63.142.23","Scanning Host"
"194.63.142.24","Scanning Host"
"194.63.142.25","Scanning Host"
"194.63.142.26","Scanning Host"
"194.63.142.27","Scanning Host"
"194.63.142.28","Scanning Host"
"194.63.142.29","Scanning Host"
"194.63.142.30","Scanning Host"
"194.63.142.31","Scanning Host"
"194.63.142.32","Scanning Host"
"194.63.142.33","Scanning Host"
"194.63.142.34","Scanning Host"
"78.187.47.24","Scanning Host"
"78.187.47.99","Scanning Host"
"78.169.207.18","Scanning Host"
"78.169.207.81","Scanning Host"
"222.186.21.145","Scanning Host"
"222.186.21.146","Scanning Host"
"176.100.77.240","Scanning Host"
"176.100.77.241","Scanning Host"
"176.100.77.231","Scanning Host"
"176.100.77.232","Scanning Host"
"60.172.246.68","Scanning Host"
"174.34.160.218","Spamming"
"146.148.60.2","Scanning Host"
"191.240.149.72","Scanning Host"
"191.240.149.197","Scanning Host"
"191.240.149.199","Scanning Host"
"191.240.149.200","Scanning Host"
"191.240.149.201","Scanning Host"
"191.240.149.202","Scanning Host"
"191.240.149.203","Scanning Host"
"191.240.149.204","Scanning Host"
"191.240.149.205","Scanning Host"
"191.240.149.206","Scanning Host"
"191.240.149.207","Scanning Host"
"191.240.149.208","Scanning Host"
"191.240.149.209","Scanning Host"
"191.240.149.210","Scanning Host"
"191.240.149.211","Scanning Host"
"191.240.149.212","Scanning Host"
"191.240.149.213","Scanning Host"
"191.240.149.214","Scanning Host"
"191.240.149.215","Scanning Host"
"191.240.149.216","Scanning Host"
"191.240.149.217","Scanning Host"
"191.240.149.218","Scanning Host"
"191.240.149.219","Scanning Host"
"191.240.149.220","Scanning Host"
"191.240.149.221","Scanning Host"
"191.240.149.222","Scanning Host"
"191.240.149.223","Scanning Host"
"191.240.149.224","Scanning Host"
"191.240.149.225","Scanning Host"
"191.240.149.226","Scanning Host"
"191.240.149.228","Scanning Host"
"223.96.156.96","Scanning Host"
"223.96.156.97","Scanning Host"
"223.96.156.98","Scanning Host"
"223.96.156.99","Scanning Host"
"223.96.156.103","Scanning Host"
"223.96.156.104","Scanning Host"
"85.25.255.103","Scanning Host"
"85.25.255.104","Scanning Host"
"85.25.255.108","Scanning Host"
"85.25.255.109","Scanning Host"
"85.25.255.110","Scanning Host"
"85.25.255.111","Scanning Host"
"78.186.43.236","Scanning Host"
"78.186.43.237","Scanning Host"
"72.167.115.238","Scanning Host"
"72.167.115.237","Scanning Host"
"72.167.115.236","Scanning Host"
"72.167.115.235","Scanning Host"
"211.116.216.21","Scanning Host"
"200.58.76.239","Scanning Host"
"200.58.76.240","Scanning Host"
"200.58.76.241","Scanning Host"
"200.58.76.242","Scanning Host"
"200.58.76.243","Scanning Host"
"109.135.2.112","Scanning Host"
"109.135.2.113","Scanning Host"
"109.135.2.114","Scanning Host"
"109.135.2.115","Scanning Host"
"109.135.2.116","Scanning Host"
"109.135.2.117","Scanning Host"
"109.135.2.118","Scanning Host"
"109.135.2.119","Scanning Host"
"109.135.2.120","Scanning Host"
"109.135.2.121","Scanning Host"
"109.135.2.122","Scanning Host"
"109.135.2.123","Scanning Host"
"109.135.2.124","Scanning Host"
"109.135.2.125","Scanning Host"
"104.193.9.169","Scanning Host;Malicious Host"
"104.193.9.170","Scanning Host"
"104.193.9.171","Scanning Host"
"104.193.9.172","Scanning Host"
"104.193.9.173","Scanning Host"
"104.193.9.174","Scanning Host"
"175.144.216.221","Scanning Host"
"175.144.216.222","Scanning Host"
"195.2.253.13","Scanning Host"
"46.29.248.57","Scanning Host"
"222.186.51.12","Scanning Host"
"222.186.51.15","Scanning Host"
"192.187.110.114","Scanning Host"
"192.187.110.106","Scanning Host"
"115.238.138.45","Scanning Host"
"115.238.138.48","Scanning Host"
"115.238.138.47","Scanning Host"
"115.238.138.38","Scanning Host"
"115.238.138.37","Scanning Host"
"115.238.138.40","Scanning Host"
"115.238.138.39","Scanning Host"
"115.238.138.32","Scanning Host"
"78.189.225.149","Scanning Host"
"78.189.225.150","Scanning Host"
"115.238.138.133","Scanning Host"
"159.205.103.36","Scanning Host"
"159.205.103.40","Scanning Host"
"115.238.138.179","Scanning Host"
"115.238.138.177","Scanning Host"
"78.189.225.230","Scanning Host"
"61.150.109.129","Scanning Host"
"61.150.109.130","Scanning Host"
"38.86.44.100","Scanning Host"
"38.86.44.102","Scanning Host"
"38.86.44.103","Scanning Host"
"38.86.44.104","Scanning Host"
"78.184.87.37","Scanning Host"
"78.184.87.39","Scanning Host"
"78.184.87.210","Scanning Host"
"78.184.87.212","Scanning Host"
"199.189.85.207","Scanning Host"
"199.189.85.208","Scanning Host"
"199.189.85.223","Scanning Host"
"199.189.85.224","Scanning Host"
"199.189.85.225","Scanning Host"
"222.186.58.68","Scanning Host"
"222.186.58.69","Scanning Host"
"222.186.58.72","Scanning Host"
"222.186.58.73","Scanning Host"
"222.186.58.74","Scanning Host"
"222.186.58.75","Scanning Host"
"222.186.58.76","Scanning Host"
"222.186.58.77","Scanning Host"
"222.186.58.78","Scanning Host"
"222.186.58.79","Scanning Host"
"222.186.58.80","Scanning Host"
"222.186.58.82","Scanning Host"
"222.186.58.83","Scanning Host"
"222.186.58.84","Scanning Host"
"222.186.58.85","Scanning Host"
"222.186.58.86","Scanning Host"
"222.186.58.87","Scanning Host"
"222.186.58.88","Scanning Host"
"222.186.58.91","Scanning Host"
"222.186.58.92","Scanning Host"
"222.186.58.93","Scanning Host"
"222.186.58.94","Scanning Host"
"222.186.58.95","Scanning Host"
"222.186.58.96","Scanning Host"
"222.186.58.98","Scanning Host"
"222.186.58.99","Scanning Host"
"222.186.58.100","Scanning Host"
"222.186.58.101","Scanning Host"
"190.67.99.130","Scanning Host"
"190.67.99.138","Scanning Host"
"190.67.99.146","Scanning Host"
"178.162.214.34","Malicious Host;Scanning Host"
"118.160.212.73","Scanning Host"
"118.160.212.70","Scanning Host"
"118.160.212.69","Scanning Host"
"118.160.212.162","Scanning Host"
"59.38.111.35","Scanning Host"
"222.60.95.76","Scanning Host"
"222.60.95.77","Scanning Host"
"222.60.95.78","Scanning Host"
"222.60.95.79","Scanning Host"
"222.60.95.80","Scanning Host"
"185.71.66.20","Scanning Host"
"14.152.106.62","Scanning Host"
"14.152.106.63","Scanning Host"
"14.152.106.64","Scanning Host"
"14.152.106.65","Scanning Host"
"118.163.219.236","Scanning Host"
"69.94.157.88","Spamming"
"200.201.204.130","Spamming"
"104.151.113.211","Spamming"
"104.203.64.54","Spamming"
"191.7.106.9","Spamming"
"162.221.184.239","Spamming"
"70.98.79.180","Spamming"
"104.203.64.177","Spamming"
"104.151.113.149","Spamming"
"167.114.157.89","Scanning Host"
"167.114.157.86","Scanning Host"
"167.114.157.87","Scanning Host"
"167.114.157.84","Scanning Host"
"167.114.157.85","Scanning Host"
"167.114.157.82","Scanning Host"
"167.114.157.83","Scanning Host"
"167.114.157.116","Scanning Host"
"167.114.157.117","Scanning Host"
"167.114.157.114","Scanning Host"
"167.114.157.115","Scanning Host"
"167.114.157.112","Scanning Host"
"167.114.157.113","Scanning Host"
"167.114.157.110","Scanning Host"
"167.114.157.111","Scanning Host"
"167.114.157.108","Scanning Host"
"167.114.157.109","Scanning Host"
"167.114.157.106","Scanning Host"
"167.114.157.107","Scanning Host"
"167.114.157.104","Scanning Host"
"167.114.157.105","Scanning Host"
"167.114.157.102","Scanning Host"
"167.114.157.103","Scanning Host"
"167.114.157.100","Scanning Host"
"167.114.157.101","Scanning Host"
"167.114.157.132","Scanning Host"
"167.114.157.133","Scanning Host"
"167.114.157.131","Scanning Host"
"167.114.157.128","Scanning Host"
"167.114.157.129","Scanning Host"
"167.114.157.126","Scanning Host"
"167.114.157.127","Scanning Host"
"167.114.157.124","Scanning Host"
"167.114.157.125","Scanning Host"
"167.114.157.122","Scanning Host"
"167.114.157.123","Scanning Host"
"167.114.157.120","Scanning Host"
"167.114.157.121","Scanning Host"
"167.114.157.118","Scanning Host"
"167.114.157.119","Scanning Host"
"167.114.157.150","Scanning Host"
"167.114.157.151","Scanning Host"
"107.179.62.88","Scanning Host"
"107.179.62.89","Scanning Host"
"107.179.62.90","Scanning Host"
"43.255.188.136","Scanning Host;Malicious Host"
"109.125.212.159","Scanning Host"
"85.222.2.4","Scanning Host"
"110.164.126.64","C&C"
"81.192.156.83","Scanning Host"
"218.108.247.91","Scanning Host"
"82.194.66.70","Malware IP;C&C"
"221.179.89.90","Scanning Host;Malicious Host"
"61.174.49.106","Scanning Host;Malicious Host"
"70.63.251.182","Scanning Host"
"194.144.188.70","C&C"
"71.6.165.21","Scanning Host"
"203.146.249.63","Scanning Host;Malicious Host"
"202.77.102.134","Scanning Host"
"173.8.143.50","Scanning Host"
"200.74.241.109","C&C"
"149.126.0.131","C&C"
"199.83.94.79","Scanning Host"
"64.254.236.214","Scanning Host"
"212.26.42.80","Scanning Host"
"94.228.218.40","C&C"
"64.18.161.74","Scanning Host"
"103.8.221.212","Scanning Host"
"125.230.92.189","Scanning Host"
"91.201.54.85","Scanning Host"
"179.124.17.76","Scanning Host"
"222.186.34.75","Scanning Host"
"222.186.34.91","Scanning Host;Malicious Host"
"222.186.34.100","Malicious Host;Scanning Host"
"222.186.34.103","Malicious Host;Scanning Host"
"222.186.34.114","Scanning Host;Malicious Host"
"222.186.34.115","Scanning Host;Malicious Host"
"202.207.240.35","Scanning Host;Malicious Host"
"115.230.124.229","Malicious Host;Scanning Host"
"162.197.249.9","Scanning Host"
"67.182.202.133","Scanning Host"
"210.209.143.19","Scanning Host"
"91.240.231.8","Scanning Host"
"189.74.156.243","Scanning Host"
"109.63.122.92","Scanning Host"
"110.36.81.80","Scanning Host"
"79.140.96.190","Scanning Host"
"113.106.228.76","Scanning Host;Malicious Host"
"206.188.208.110","Scanning Host"
"46.166.173.11","Scanning Host"
"196.41.123.124","C&C"
"222.186.31.104","Scanning Host"
"222.186.31.106","Scanning Host"
"222.186.31.109","Scanning Host"
"222.186.31.110","Scanning Host"
"222.186.31.183","Scanning Host"
"222.186.31.184","Scanning Host"
"222.186.31.186","Scanning Host"
"222.186.31.187","Scanning Host"
"185.60.229.44","Scanning Host;Malicious Host"
"222.186.15.102","Scanning Host"
"222.186.15.103","Scanning Host"
"185.82.201.241","Spamming"
"58.218.204.6","Scanning Host"
"58.218.204.7","Scanning Host"
"58.218.204.8","Scanning Host"
"58.218.204.9","Scanning Host"
"58.218.204.10","Scanning Host"
"58.218.204.11","Scanning Host"
"58.218.204.12","Scanning Host"
"58.218.204.13","Scanning Host"
"198.44.74.133","Spamming"
"103.38.42.248","Scanning Host"
"103.38.42.253","Scanning Host"
"220.135.220.29","Scanning Host"
"220.135.220.30","Scanning Host"
"109.161.212.128","Scanning Host"
"198.13.96.85","Scanning Host"
"198.13.96.86","Scanning Host"
"198.13.96.87","Scanning Host"
"198.13.96.90","Scanning Host"
"198.13.96.91","Scanning Host"
"198.13.96.92","Scanning Host"
"198.13.96.95","Scanning Host"
"198.13.96.96","Scanning Host"
"198.13.96.97","Scanning Host"
"198.13.96.100","Scanning Host"
"198.13.96.101","Scanning Host"
"198.13.96.102","Scanning Host"
"198.13.96.105","Scanning Host"
"198.13.96.106","Scanning Host"
"198.13.96.107","Scanning Host"
"198.13.96.110","Scanning Host"
"198.13.96.111","Scanning Host"
"198.13.96.114","Scanning Host"
"198.13.96.115","Scanning Host"
"198.13.96.118","Scanning Host"
"198.13.96.119","Scanning Host"
"198.13.96.122","Scanning Host"
"198.13.96.123","Scanning Host"
"198.13.96.126","Scanning Host"
"198.13.96.127","Scanning Host"
"198.13.96.130","Scanning Host"
"198.13.96.131","Scanning Host"
"198.13.96.179","Scanning Host"
"198.13.96.180","Scanning Host"
"198.13.96.181","Scanning Host"
"198.13.96.182","Scanning Host"
"198.13.96.183","Scanning Host"
"198.13.96.184","Scanning Host"
"198.13.96.185","Scanning Host"
"198.13.96.186","Scanning Host"
"198.13.96.187","Scanning Host"
"198.13.96.188","Scanning Host"
"78.238.182.32","Scanning Host"
"78.238.182.33","Scanning Host"
"78.238.182.42","Scanning Host"
"78.238.182.43","Scanning Host"
"78.238.182.52","Scanning Host"
"78.238.182.53","Scanning Host"
"78.238.182.62","Scanning Host"
"78.238.182.63","Scanning Host"
"78.238.182.72","Scanning Host"
"78.238.182.73","Scanning Host"
"222.66.55.121","Scanning Host"
"222.66.55.122","Scanning Host"
"222.66.55.123","Scanning Host"
"222.66.55.124","Scanning Host"
"5.39.105.140","Spamming"
"118.174.178.101","Malicious Host"
"183.136.216.60","Scanning Host"
"183.136.216.62","Scanning Host"
"183.136.216.63","Scanning Host"
"183.136.216.169","Scanning Host"
"183.136.216.170","Scanning Host"
"183.136.216.171","Scanning Host"
"118.193.176.6","Malicious Host"
"101.254.17.180","Malicious Host"
"173.177.103.198","Malicious Host"
"46.19.138.241","Scanning Host"
"46.19.138.242","Scanning Host"
"46.19.138.243","Scanning Host"
"46.19.138.244","Scanning Host"
"46.19.138.245","Scanning Host"
"46.19.138.246","Scanning Host"
"46.19.138.247","Scanning Host"
"46.19.138.248","Scanning Host"
"46.19.138.249","Scanning Host"
"46.19.138.250","Scanning Host"
"46.19.138.251","Scanning Host"
"46.19.138.252","Scanning Host"
"46.19.138.253","Scanning Host"
"46.19.138.254","Scanning Host"
"46.19.138.255","Scanning Host"
"87.106.215.173","Scanning Host"
"87.106.215.174","Scanning Host"
"87.106.215.175","Scanning Host"
"87.106.215.206","Scanning Host"
"87.106.215.207","Scanning Host"
"87.106.215.208","Scanning Host"
"87.106.215.209","Scanning Host"
"87.106.215.210","Scanning Host"
"87.106.215.211","Scanning Host"
"87.106.215.212","Scanning Host"
"87.106.215.213","Scanning Host"
"87.106.215.214","Scanning Host"
"87.106.215.215","Scanning Host"
"87.106.215.216","Scanning Host"
"87.106.215.217","Scanning Host"
"87.106.215.218","Scanning Host"
"87.106.215.219","Scanning Host"
"87.106.215.220","Scanning Host"
"87.106.215.221","Scanning Host"
"87.106.215.222","Scanning Host"
"87.106.215.223","Scanning Host"
"87.106.215.224","Scanning Host"
"87.106.215.225","Scanning Host"
"87.106.215.226","Scanning Host"
"87.106.215.227","Scanning Host"
"87.106.215.228","Scanning Host"
"87.106.215.229","Scanning Host"
"87.106.215.230","Scanning Host"
"87.106.215.231","Scanning Host"
"87.106.215.232","Scanning Host"
"87.106.215.233","Scanning Host"
"87.106.215.234","Scanning Host"
"87.106.215.235","Scanning Host"
"87.106.215.236","Scanning Host"
"87.106.215.237","Scanning Host"
"87.106.215.238","Scanning Host"
"87.106.215.240","Scanning Host"
"87.106.215.241","Scanning Host"
"87.106.215.242","Scanning Host"
"87.106.215.243","Scanning Host"
"87.106.215.244","Scanning Host"
"87.106.215.245","Scanning Host"
"87.106.215.246","Scanning Host"
"87.106.215.247","Scanning Host"
"87.106.215.248","Scanning Host"
"87.106.215.249","Scanning Host"
"87.106.215.250","Scanning Host"
"87.106.215.251","Scanning Host"
"87.106.215.252","Scanning Host"
"78.187.237.209","Scanning Host"
"121.55.121.146","Scanning Host"
"121.55.121.145","Scanning Host"
"5.104.175.189","Scanning Host"
"5.104.175.188","Scanning Host"
"5.104.175.187","Scanning Host"
"5.104.175.186","Scanning Host"
"5.104.175.185","Scanning Host"
"5.104.175.184","Scanning Host"
"201.212.10.73","Scanning Host"
"201.212.10.74","Scanning Host"
"201.212.10.75","Scanning Host"
"201.212.10.76","Scanning Host"
"201.212.10.77","Scanning Host"
"201.212.10.78","Scanning Host"
"201.212.10.79","Scanning Host"
"201.212.10.80","Scanning Host"
"201.212.10.81","Scanning Host"
"107.160.23.1","Scanning Host"
"208.52.140.176","Scanning Host"
"208.52.140.167","Scanning Host"
"208.52.140.166","Scanning Host"
"208.52.140.165","Scanning Host"
"208.52.140.164","Scanning Host"
"208.52.140.171","Scanning Host"
"208.52.140.170","Scanning Host"
"208.52.140.169","Scanning Host"
"208.52.140.228","Scanning Host"
"208.52.140.235","Scanning Host"
"208.52.140.234","Scanning Host"
"208.52.140.233","Scanning Host"
"70.193.242.75","Malicious Host"
"109.236.85.36","Spamming"
"74.201.31.90","Spamming"
"194.63.142.2","Scanning Host"
"78.187.47.88","Scanning Host"
"78.169.207.29","Scanning Host"
"5.79.73.251","Scanning Host"
"5.79.73.252","Scanning Host"
"5.79.73.253","Scanning Host"
"5.79.73.254","Scanning Host"
"5.79.73.255","Scanning Host"
